North,North-East,East,South-East,South,South-West,West,North-West,Central
Yishun,Ang Mo Kio,Bedok,,,,Jurong East,,Bukit Merah
Sembawang,Hougang,Tampines,,,,Jurong West,,Downtown Core
Woodlands,Serangoon,Pasir Ris,,,,Bukit Batok,,Queenstown
Mandai,Sengkang,Changi,,,,Bukit Panjang,,Kallang
Sungei Kadut,Punggol,Paya Lebar,,,,Boon Lay,,Toa Payoh
Central Water Catchment,Seletar,Changi Bay,,,,Choa Chu Kang,,Geylang
Simpang,North-Eastern Islands,,,,,Pioneer,,Rochor
Lim Chu Kang,,,,,,Tuas,,Outram
,,,,,,Tengah,,Bishan
,,,,,,Western Water Catchment,,Orchard
,,,,,,Western Islands,,Novena
,,,,,,Clementi,,Marine Parade
,,,,,,,,Singapore River
,,,,,,,,Museum
,,,,,,,,Newton
,,,,,,,,River Valley
,,,,,,,,Tanglin
,,,,,,,,Straits View
,,,,,,,,Marina East
,,,,,,,,Marina South
,,,,,,,,Southern Islands
,,,,,,,,Bukit Timah
